,Financial Services
0,AACI
1,AACIU
2,AAME
3,ABCB
4,ABGI
5,ACAB
6,ACABU
7,ACAC
8,ACACU
9,ACAH
10,ACAHU
11,ACAX
12,ACAXU
13,ACBA
14,ACBAU
15,ACEV
16,ACEVU
17,ACGL
18,ACGLN
19,ACGLO
20,ACNB
21,ACQR
22,ACQRU
23,ACT
24,ADAL
25,ADALU
26,ADER
27,ADERU
28,ADOC
29,AEAC
30,AEACU
31,AEAE
32,AEAEU
33,AEHA
34,AEHAU
35,AFAC
36,AFACU
37,AFAQ
38,AFAQU
39,AFAR
40,AFARU
41,AFBI
42,AGBA
43,AGBAU
44,AGGR
45,AGGRU
46,AHG
47,AHPA
48,AHPAU
49,AHRN
50,AHRNU
51,AIB
52,AIBBU
53,AIHS
54,AKIC
55,AKICU
56,ALOR
57,ALORU
58,ALPA
59,ALPAU
60,ALRS
61,ALSA
62,ALSAU
63,ALTU
64,ALTUU
65,AMAL
66,AMAO
67,AMAOU
68,AMCI
69,AMCIU
70,AMNB
71,AMRK
72,AMSF
73,AMTB
74,ANZU
75,ANZUU
76,AOGO
77,AOGOU
78,APAC
79,APACU
80,APLD
81,APMI
82,APMIU
83,APTM
84,APTMU
85,APXI
86,APXIU
87,AQUNU
88,ARBG
89,ARBGU
90,ARBK
91,ARCC
92,ARCK
93,ARCKU
94,ARGU
95,ARGUU
96,ARIZ
97,ARIZU
98,AROW
99,ARRW
100,ARRWU
101,ARTE
102,ARTEU
103,ARYD
104,ARYE
105,ASAX
106,ASAXU
107,ASCA
108,ASCAU
109,ASCB
110,ASCBU
111,ASPA
112,ASPAU
113,ASRV
114,ATAK
115,ATAKU
116,ATAX
117,ATIF
118,ATLC
119,ATLCP
120,ATLO
121,AUB
122,AUBAP
123,AUBN
124,AURC
125,AURCU
126,AVAC
127,AVACU
128,AVHI
129,AVHIU
130,BAFN
131,BANF
132,BANR
133,BANX
134,BCBP
135,BCML
136,BCOR
137,BCOW
138,BCSA
139,BCSAU
140,BCSAW
141,BENE
142,BENEU
143,BFC
144,BFIN
145,BFST
146,BGCP
147,BHAC
148,BHACU
149,BHF
150,BHFAM
151,BHFAN
152,BHFAO
153,BHFAP
154,BHSE
155,BHSEU
156,BIOS
157,BIOSU
158,BIOT
159,BIOTU
160,BITF
161,BKCC
162,BKSC
163,BLEU
164,BLEUU
165,BLFY
166,BLNG
167,BLNGU
168,BLSA
169,BLTS
170,BLTSU
171,BMAQ
172,BMAQU
173,BMRC
174,BNIX
175,BNNR
176,BNNRU
177,BOCN
178,BOCNU
179,BOKF
180,BOTJ
181,BPAC
182,BPACU
183,BPOP
184,BPRN
185,BRAC
186,BRACU
187,BREZ
188,BRIV
189,BRIVU
190,BRKH
191,BRKHU
192,BRKL
193,BRLI
194,BRLIU
195,BRP
196,BSBK
197,BSGA
198,BSGAU
199,BSKY
200,BSKYU
201,BSRR
202,BSVN
203,BTBT
204,BTCS
205,BTWN
206,BTWNU
207,BUSE
208,BWAC
209,BWACU
210,BWAQ
211,BWAQU
212,BWB
213,BWBBP
214,BWC
215,BWCAU
216,BWFG
217,BYFC
218,BYNO
219,BYNOU
220,BYTS
221,BYTSU
222,CAC
223,CACC
224,CALB
225,CARE
226,CARV
227,CASH
228,CATC
229,CATY
230,CBAN
231,CBFV
232,CBNK
233,CBRG
234,CBRGU
235,CBSH
236,CCAI
237,CCAIU
238,CCAP
239,CCB
240,CCBG
241,CCD
242,CCNE
243,CCNEP
244,CCTS
245,CCTSU
246,CDAQ
247,CDAQU
248,CENQ
249,CENQU
250,CFB
251,CFBK
252,CFFE
253,CFFEU
254,CFFI
255,CFFN
256,CFFS
257,CFFSU
258,CFIV
259,CFIVU
260,CFSB
261,CG
262,CGBD
263,CGO
264,CHCO
265,CHEA
266,CHEAU
267,CHI
268,CHMG
269,CHW
270,CHY
271,CIFR
272,CIIG
273,CIIGU
274,CINF
275,CITE
276,CITEU
277,CIVB
278,CIZN
279,CLAY
280,CLAYU
281,CLBK
282,CLIN
283,CLINU
284,CLOE
285,CLOEU
286,CLRC
287,CLRCU
288,CLRM
289,CLRMU
290,CLST
291,CMCA
292,CMCAU
293,CME
294,CNFR
295,CNGL
296,CNGLU
297,CNNB
298,CNOB
299,CNOBP
300,COFS
301,COLB
302,COLI
303,COLIU
304,CONX
305,CONXU
306,COOL
307,COOLU
308,COOP
309,COVA
310,COVAU
311,COWN
312,CPAA
313,CPAAU
314,CPAQ
315,CPAQU
316,CPAR
317,CPARU
318,CPSS
319,CREC
320,CRECU
321,CRVL
322,CRZN
323,CRZNU
324,CSLM
325,CSLMU
326,CSQ
327,CSTR
328,CSWC
329,CTAQ
330,CTAQU
331,CTBI
332,CUBA
333,CULL
334,CVBF
335,CVCY
336,CVLY
337,CWBC
338,CZFS
339,CZNC
340,CZWI
341,DALS
342,DAOO
343,DAOOU
344,DCOM
345,DCOMP
346,DCRD
347,DCRDU
348,DECA
349,DECAU
350,DGICA
351,DGICB
352,DGNU
353,DHAC
354,DHACU
355,DHBC
356,DHBCU
357,DHCA
358,DHCAU
359,DHHC
360,DHHCU
361,DHIL
362,DILA
363,DILAU
364,DISA
365,DISAU
366,DKDCA
367,DKDCU
368,DLCA
369,DLCAU
370,DMAQ
371,DNAB
372,DNAD
373,DPCS
374,DPCSU
375,DRAY
376,DRAYU
377,DTOC
378,DTOCU
379,DTRT
380,DTRTU
381,DUET
382,DUETU
383,DUNE
384,DUNEU
385,DWAC
386,DWACU
387,DWACW
388,EAC
389,EACPU
390,EBAC
391,EBACU
392,EBC
393,EBMT
394,EBTC
395,ECBK
396,ECPG
397,EDNC
398,EDNCU
399,EDTX
400,EDTXU
401,EFSC
402,EFSCP
403,EGBN
404,EHTH
405,EMCF
406,EMCG
407,EMCGU
408,EMCGW
409,EMLD
410,EMLDU
411,ENCP
412,ENCPU
413,ENER
414,ENERU
415,ENTF
416,ENTFU
417,EPHY
418,EPHYU
419,EQBK
420,EQOS
421,ERES
422,ERESU
423,ERIE
424,ESAC
425,ESACU
426,ESGR
427,ESGRO
428,ESGRP
429,ESQ
430,ESSA
431,ESSC
432,ESSCU
433,EUCR
434,EUCRU
435,EVGR
436,EVGRU
437,EVOJ
438,EVOJU
439,EWBC
440,EZPW
441,FANH
442,FATP
443,FATPU
444,FBIZ
445,FBMS
446,FBNC
447,FCAP
448,FCBC
449,FCCO
450,FCFS
451,FCNCA
452,FCNCO
453,FCNCP
454,FCRD
455,FDBC
456,FDUS
457,FEXD
458,FEXDU
459,FFBC
460,FFBW
461,FFIC
462,FFIN
463,FFNW
464,FFWM
465,FGBI
466,FGBIP
467,FGF
468,FGFPP
469,FGMC
470,FGMCU
471,FHB
472,FHLT
473,FHLTU
474,FIAC
475,FIACU
476,FIBK
477,FICV
478,FICVU
479,FINM
480,FINMU
481,FINW
482,FISI
483,FITB
484,FITBI
485,FITBO
486,FITBP
487,FLAC
488,FLACU
489,FLFV
490,FLFVU
491,FLIC
492,FMAO
493,FMBH
494,FMIV
495,FMIVU
496,FMNB
497,FNCB
498,FNHC
499,FNLC
500,FNVT
501,FNVTU
502,FNWB
503,FNWD
504,FOCS
505,FOXW
506,FOXWU
507,FRAF
508,FRBA
509,FRBK
510,FRBN
511,FRBNU
512,FRHC
513,FRLA
514,FRLAU
515,FRME
516,FRMEP
517,FRON
518,FRONU
519,FRSG
520,FRSGU
521,FRST
522,FRW
523,FRWAU
524,FSBC
525,FSBW
526,FSEA
527,FSFG
528,FSRX
529,FSRXU
530,FSSI
531,FSSIU
532,FTAA
533,FTAAU
534,FTCV
535,FTCVU
536,FTII
537,FTIIU
538,FTPA
539,FTPAU
540,FTVI
541,FTVIU
542,FULT
543,FULTP
544,FUNC
545,FUND
546,FUSB
547,FUTU
548,FVCB
549,FWAC
550,FXCO
551,FXNC
552,GABC
553,GACQ
554,GACQU
555,GAIN
556,GAMC
557,GAMCU
558,GATE
559,GATEU
560,GBBK
561,GBDC
562,GBNY
563,GBRG
564,GBRGU
565,GCBC
566,GCMG
567,GDNR
568,GDNRU
569,GDST
570,GDSTU
571,GECC
572,GEEX
573,GEEXU
574,GENQ
575,GENQU
576,GFGD
577,GFGDU
578,GGAA
579,GGAAU
580,GGAL
581,GGMC
582,GGMCU
583,GHAC
584,GHACU
585,GHIX
586,GHIXU
587,GIAC
588,GIACU
589,GIIX
590,GIIXU
591,GIW
592,GIWWU
593,GLAD
594,GLBL
595,GLBLU
596,GLBLW
597,GLBZ
598,GLHA
599,GLHAU
600,GLLI
601,GLLIU
602,GLRE
603,GMFI
604,GMFIU
605,GNAC
606,GNACU
607,GNTY
608,GOCO
609,GPAC
610,GPACU
611,GRCY
612,GRCYU
613,GREE
614,GROW
615,GSBC
616,GSD
617,GSDWU
618,GSDWW
619,GSEV
620,GSEVU
621,GSHD
622,GSRM
623,GSRMU
624,GTAC
625,GTACU
626,GTPA
627,GTPAU
628,GTPB
629,GTPBU
630,GVCI
631,GVCIU
632,GWII
633,GXII
634,GXIIU
635,HAAC
636,HAACU
637,HAFC
638,HAIA
639,HAIAU
640,HALL
641,HBAN
642,HBANM
643,HBANP
644,HBCP
645,HBNC
646,HBT
647,HCAR
648,HCARU
649,HCIC
650,HCICU
651,HCII
652,HCIIU
653,HCMA
654,HCMAU
655,HCNE
656,HCNEU
657,HCVI
658,HCVIU
659,HERA
660,HERAU
661,HFBL
662,HFWA
663,HGBL
664,HHGC
665,HHGCU
666,HIFS
667,HIII
668,HIIIU
669,HIVE
670,HLAH
671,HLAHU
672,HLNE
673,HMAC
674,HMACU
675,HMACW
676,HMCO
677,HMCOU
678,HMNF
679,HMPT
680,HMST
681,HNNA
682,HNVR
683,HONE
684,HOPE
685,HORI
686,HORIU
687,HPLT
688,HPLTU
689,HRZN
690,HSAQ
691,HTBI
692,HTBK
693,HTLF
694,HTLFP
695,HUDAU
696,HUIZ
697,HUT
698,HVBC
699,HWBK
700,HWC
701,HWEL
702,HWELU
703,HYW
704,IBCP
705,IBKR
706,IBOC
707,IBTX
708,ICCH
709,ICMB
710,IGAC
711,IGACU
712,IGIC
713,IGNY
714,IGNYU
715,IGTA
716,IGTAU
717,IIII
718,IIIIU
719,IMAQ
720,IMAQU
721,INBK
722,INDB
723,INKA
724,INKAU
725,INTE
726,INTEU
727,INTR
728,IOAC
729,IOACU
730,IPAX
731,IPAXU
732,IPVI
733,IPVIU
734,IQMD
735,IQMDU
736,IRAA
737,IRAAU
738,IRAAW
739,IREN
740,IROQ
741,ISAA
742,ISTR
743,ITAQ
744,ITAQU
745,ITIC
746,ITQ
747,ITQRU
748,IVCA
749,IVCAU
750,IVCB
751,IVCBU
752,IVCP
753,IVCPU
754,IXAQ
755,IXAQU
756,JAQC
757,JAQCU
758,JCIC
759,JCICU
760,JGGC
761,JGGCU
762,JMAC
763,JMACU
764,JMSB
765,JOFF
766,JOFFU
767,JRVR
768,JUGG
769,JUGGU
770,JWAC
771,JYAC
772,KACL
773,KACLU
774,KAII
775,KAIIU
776,KAIR
777,KAIRU
778,KFFB
779,KIII
780,KIIIU
781,KINS
782,KINZ
783,KINZU
784,KLAQ
785,KLAQU
786,KRNL
787,KRNLU
788,KRNY
789,KSI
790,KSICU
791,KVSA
792,KVSC
793,KYCH
794,KYCHU
795,LAAA
796,LAAAU
797,LARK
798,LATG
799,LATGU
800,LAX
801,LAXXU
802,LBAI
803,LBBB
804,LBBBU
805,LBC
806,LCA
807,LCAA
808,LCAAU
809,LCAHU
810,LCNB
811,LDHA
812,LDHAU
813,LEGA
814,LEGAU
815,LFAC
816,LFACU
817,LFTR
818,LFTRU
819,LGAC
820,LGACU
821,LGHL
822,LGST
823,LGSTU
824,LGTO
825,LGTOU
826,LGVC
827,LGVCU
828,LHAA
829,LIBY
830,LIBYU
831,LION
832,LIONU
833,LITT
834,LITTU
835,LIVB
836,LIVBU
837,LJAQ
838,LJAQU
839,LKFN
840,LMACA
841,LMACU
842,LMAO
843,LMAOU
844,LMFA
845,LMST
846,LNKB
847,LOB
848,LPLA
849,LPRO
850,LRFC
851,LSBK
852,LSPR
853,LSPRU
854,LUXA
855,LUXAU
856,LVAC
857,LVACU
858,LVRA
859,LVRAU
860,LX
861,MAAQ
862,MAAQU
863,MACA
864,MACAU
865,MAQC
866,MAQCU
867,MARA
868,MBCN
869,MBIN
870,MBINN
871,MBINO
872,MBINP
873,MBNKP
874,MBTC
875,MBTCU
876,MBWM
877,MCAA
878,MCAAU
879,MCAC
880,MCACU
881,MCACW
882,MCAE
883,MCAEU
884,MCAF
885,MCAFU
886,MCAG
887,MCAGU
888,MCBC
889,MCBS
890,MCVT
891,MDWT
892,MEAC
893,MEACU
894,MEKA
895,MEOA
896,MEOAU
897,MFH
898,MFIN
899,MGI
900,MGYR
901,MHLD
902,MIGI
903,MITA
904,MITAU
905,MKTX
906,MLAC
907,MLACU
908,MLAI
909,MLAIU
910,MLVF
911,MNSB
912,MNSBP
913,MOFG
914,MON
915,MONCU
916,MORN
917,MPAC
918,MPACU
919,MPB
920,MPRA
921,MPRAU
922,MRBK
923,MRCC
924,MSAC
925,MSBI
926,MSDA
927,MSDAU
928,MSSA
929,MSSAU
930,MSVB
931,MTAC
932,MTACU
933,MTRY
934,MTRYU
935,MURF
936,MURFU
937,MVBF
938,MYFW
939,NAAC
940,NAACU
941,NAVI
942,NBN
943,NBST
944,NBSTU
945,NBTB
946,NCAC
947,NCACU
948,NCPL
949,NDAC
950,NDACU
951,NDAQ
952,NECB
953,NEWT
954,NFBK
955,NHIC
956,NHICU
957,NICK
958,NISN
959,NKSH
960,NMFC
961,NMIH
962,NOAC
963,NOACU
964,NODK
965,NOVV
966,NOVVU
967,NPAB
968,NPABU
969,NRAC
970,NRACU
971,NRDS
972,NRIM
973,NSTS
974,NTRS
975,NTRSO
976,NUBI
977,NUBIU
978,NVAC
979,NVSA
980,NVSAU
981,NWBI
982,NWFL
983,NWLI
984,OBNK
985,OBT
986,OCAX
987,OCAXU
988,OCCI
989,OCCIN
990,OCCIO
991,OCFC
992,OCFCP
993,OCSL
994,OEPW
995,OEPWU
996,OFED
997,OFS
998,OHAA
999,OHAAU
1000,OHPA
1001,OHPAU
1002,OLIT
1003,OLITU
1004,OMEG
1005,ONB
1006,ONBPO
1007,ONBPP
1008,ONYX
1009,ONYXU
1010,OPBK
1011,OPHC
1012,OPOF
1013,OPRT
1014,ORIA
1015,ORIAU
1016,ORRF
1017,OSBC
1018,OSTR
1019,OSTRU
1020,OTEC
1021,OTECU
1022,OVBC
1023,OVLY
1024,OXAC
1025,OXACU
1026,OXBR
1027,OXBRW
1028,OXLC
1029,OXLCM
1030,OXLCN
1031,OXLCO
1032,OXLCP
1033,OXSQ
1034,OXUS
1035,OXUSU
1036,OZK
1037,OZKAP
1038,PACW
1039,PACX
1040,PACXU
1041,PAFO
1042,PAFOU
1043,PANA
1044,PAQC
1045,PAQCU
1046,PAX
1047,PBAX
1048,PBAXU
1049,PBBK
1050,PBFS
1051,PBHC
1052,PCB
1053,PCCT
1054,PCCTU
1055,PCSB
1056,PCX
1057,PCXCU
1058,PDLB
1059,PEBK
1060,PEBO
1061,PEGR
1062,PEGRU
1063,PEPL
1064,PEPLU
1065,PFBC
1066,PFC
1067,PFDR
1068,PFDRU
1069,PFG
1070,PFHD
1071,PFIS
1072,PFTA
1073,PFTAU
1074,PFX
1075,PGC
1076,PGRW
1077,PGRWU
1078,PHCF
1079,PHIC
1080,PHICU
1081,PKBK
1082,PLAO
1083,PLAOU
1084,PLBC
1085,PLMI
1086,PLMIU
1087,PLMR
1088,PMGM
1089,PMGMU
1090,PMTS
1091,PNAC
1092,PNACU
1093,PNACW
1094,PNBK
1095,PNFP
1096,PNFPP
1097,PONO
1098,PONOU
1099,POW
1100,POWRU
1101,PPBI
1102,PPHP
1103,PPHPU
1104,PPYA
1105,PPYAU
1106,PPYAW
1107,PRAA
1108,PRLH
1109,PRLHU
1110,PRLHW
1111,PROV
1112,PRSR
1113,PRSRU
1114,PSAG
1115,PSAGU
1116,PSEC
1117,PT
1118,PTIC
1119,PTICU
1120,PTMN
1121,PTOC
1122,PTOCU
1123,PTRS
1124,PUCK
1125,PUCKU
1126,PUYI
1127,PVBC
1128,PWOD
1129,PWP
1130,PWUP
1131,PWUPU
1132,PWUPW
1133,PYPL
1134,QCRH
1135,QFIN
1136,QQQX
1137,RACB
1138,RACY
1139,RACYU
1140,RAM
1141,RAMMU
1142,RAND
1143,RBB
1144,RBCAA
1145,RBKB
1146,RCAC
1147,RCACU
1148,RCLF
1149,RCLFU
1150,RELI
1151,RENE
1152,RENEU
1153,RENEW
1154,REVE
1155,REVEU
1156,REVH
1157,REVHU
1158,RFAC
1159,RFACU
1160,RFACW
1161,RILY
1162,RILYL
1163,RILYP
1164,RMBI
1165,RMGC
1166,RMGCU
1167,RNER
1168,RNERU
1169,RNST
1170,ROC
1171,ROCAU
1172,ROCG
1173,ROCGU
1174,ROCL
1175,ROCLU
1176,ROOT
1177,ROSE
1178,ROSEU
1179,RRBI
1180,RVSB
1181,RWAY
1182,RWOD
1183,RWODU
1184,RWODW
1185,RXRA
1186,RXRAU
1187,SAFT
1188,SAGA
1189,SAGAU
1190,SAI
1191,SAL
1192,SAMA
1193,SAMAU
1194,SAMG
1195,SANB
1196,SANBU
1197,SASR
1198,SBCF
1199,SBFG
1200,SBNY
1201,SBNYP
1202,SBSI
1203,SBT
1204,SCAQ
1205,SCAQU
1206,SCLE
1207,SCLEU
1208,SCMA
1209,SCMAU
1210,SCOA
1211,SCOAU
1212,SCOB
1213,SCOBU
1214,SCRM
1215,SCRMU
1216,SDAC
1217,SDACU
1218,SDIG
1219,SEIC
1220,SFBC
1221,SFNC
1222,SFST
1223,SGHL
1224,SGHLU
1225,SGII
1226,SGIIU
1227,SHAC
1228,SHACU
1229,SHBI
1230,SHCA
1231,SHCAU
1232,SHQA
1233,SHQAU
1234,SHUA
1235,SHUAU
1236,SHUAW
1237,SIEB
1238,SIER
1239,SIERU
1240,SIGI
1241,SIGIP
1242,SIVB
1243,SIVBP
1244,SKYA
1245,SKYAU
1246,SLAM
1247,SLAMU
1248,SLM
1249,SLMBP
1250,SLRC
1251,SLVR
1252,SLVRU
1253,SMAP
1254,SMAPU
1255,SMBC
1256,SMBK
1257,SMIH
1258,SMIHU
1259,SMMF
1260,SNEX
1261,SNFCA
1262,SNRH
1263,SNRHU
1264,SNTG
1265,SOFI
1266,SPCM
1267,SPCMU
1268,SPCMW
1269,SPFI
1270,SPK
1271,SPKAU
1272,SPKB
1273,SPKBU
1274,SPTK
1275,SPTKU
1276,SRCE
1277,SRSA
1278,SRSAU
1279,SSAA
1280,SSAAU
1281,SSB
1282,SSBI
1283,SSBK
1284,SSSS
1285,STBA
1286,STEP
1287,STSSW
1288,SVFA
1289,SVFAU
1290,SVFB
1291,SVNA
1292,SVNAU
1293,SWET
1294,SWETU
1295,SWKH
1296,SWSS
1297,SWSSU
1298,SYBT
1299,SYM
1300,SZZL
1301,SZZLU
1302,TBBK
1303,TBCP
1304,TBCPU
1305,TBK
1306,TBKCP
1307,TBNK
1308,TBSA
1309,TBSAU
1310,TCBC
1311,TCBI
1312,TCBIO
1313,TCBK
1314,TCBS
1315,TCBX
1316,TCFC
1317,TCPC
1318,TCVA
1319,TECTP
1320,TEKK
1321,TEKKU
1322,TETC
1323,TETCU
1324,TETE
1325,TETEU
1326,TFSL
1327,TGAA
1328,TGAAU
1329,TGVC
1330,TGVCU
1331,THAC
1332,THACU
1333,THCA
1334,THCAU
1335,THCP
1336,THCPU
1337,THFF
1338,TIG
1339,TIGR
1340,TIOA
1341,TIOAU
1342,TIPT
1343,TIRX
1344,TLGY
1345,TLGYU
1346,TMKR
1347,TMKRU
1348,TMPM
1349,TMPMU
1350,TOAC
1351,TOACU
1352,TOP
1353,TOWN
1354,TPBA
1355,TPBAU
1356,TPG
1357,TREE
1358,TRIN
1359,TRMK
1360,TRON
1361,TRONU
1362,TROW
1363,TRST
1364,TRUP
1365,TSBK
1366,TSIB
1367,TSIBU
1368,TURN
1369,TW
1370,TWCB
1371,TWCBU
1372,TWLV
1373,TWLVU
1374,TZPS
1375,TZPSU
1376,UBCP
1377,UBFO
1378,UBSI
1379,UCBI
1380,UCBIO
1381,UFCS
1382,UIHC
1383,UMBF
1384,UMPQ
1385,UNAM
1386,UNB
1387,UNTY
1388,UPST
1389,UPTD
1390,UPTDU
1391,USCB
1392,USCT
1393,USCTU
1394,UTAA
1395,UTAAU
1396,UVSP
1397,VABK
1398,VALU
1399,VAQC
1400,VBFC
1401,VBNK
1402,VBOC
1403,VBOCU
1404,VBTX
1405,VCKA
1406,VCKAU
1407,VCTR
1408,VCXA
1409,VCXAU
1410,VELO
1411,VELOU
1412,VENA
1413,VENAU
1414,VERY
1415,VHNA
1416,VHNAU
1417,VII
1418,VIIAU
1419,VINP
1420,VIRT
1421,VLAT
1422,VLATU
1423,VLY
1424,VLYPO
1425,VLYPP
1426,VMCA
1427,VMCAU
1428,VMCAW
1429,VMGA
1430,VMGAU
1431,VPCB
1432,VPCBU
1433,VRTS
1434,VSAC
1435,VSACU
1436,VTIQ
1437,VTIQU
1438,WABC
1439,WAFD
1440,WAFDP
1441,WALD
1442,WALDW
1443,WASH
1444,WAVS
1445,WAVSU
1446,WAVSW
1447,WETF
1448,WHF
1449,WINV
1450,WINVU
1451,WMPN
1452,WNEB
1453,WRLD
1454,WSBC
1455,WSBCP
1456,WSBF
1457,WSFS
1458,WTBA
1459,WTFC
1460,WTFCM
1461,WTFCP
1462,WTMA
1463,WTMAU
1464,WTW
1465,WULF
1466,WWAC
1467,WWACU
1468,XFIN
1469,XFINU
1470,XP
1471,XPAX
1472,XPAXU
1473,XPDB
1474,XPDBU
1475,YOTA
1476,YOTAU
1477,YOTAW
1478,ZING
1479,ZINGU
1480,ZION
1481,ZIONO
1482,ZIONP
1483,ZT
1484,ZTAQU
1485,ZWRK
1486,ZWRKU
